{
  "strategies": {
    "alntmscore": {
      "ndcg@5": 0.420596,
      "mrr@5": 0.418295,
      "map@5": 0.345128,
      "precision@5": 0.418241,
      "recall@5": 0.195736,
      "ndcg@10": 0.506978,
      "mrr@10": 0.434971,
      "map@10": 0.412067,
      "precision@10": 0.457003,
      "recall@10": 0.341209,
      "ndcg@50": 0.693821,
      "mrr@50": 0.441951,
      "map@50": 0.565288,
      "precision@50": 0.343453,
      "recall@50": 0.662892
    },
    "prob": {
      "ndcg@5": 0.84403,
      "mrr@5": 0.846471,
      "map@5": 0.825954,
      "precision@5": 0.740717,
      "recall@5": 0.336268,
      "ndcg@10": 0.841811,
      "mrr@10": 0.84766,
      "map@10": 0.81602,
      "precision@10": 0.656026,
      "recall@10": 0.441998,
      "ndcg@50": 0.883498,
      "mrr@50": 0.849595,
      "map@50": 0.835175,
      "precision@50": 0.3357,
      "recall@50": 0.672104
    },
    "alntmscore x qcov": {
      "ndcg@5": 0.956896,
      "mrr@5": 0.960912,
      "map@5": 0.951987,
      "precision@5": 0.838436,
      "recall@5": 0.379932,
      "ndcg@10": 0.95636,
      "mrr@10": 0.961238,
      "map@10": 0.94874,
      "precision@10": 0.745277,
      "recall@10": 0.508802,
      "ndcg@50": 0.960391,
      "mrr@50": 0.961238,
      "map@50": 0.949865,
      "precision@50": 0.390358,
      "recall@50": 0.732122
    },
    "qcov": {
      "ndcg@5": 0.497339,
      "mrr@5": 0.581759,
      "map@5": 0.445883,
      "precision@5": 0.444951,
      "recall@5": 0.169146,
      "ndcg@10": 0.508042,
      "mrr@10": 0.593899,
      "map@10": 0.431343,
      "precision@10": 0.409772,
      "recall@10": 0.276328,
      "ndcg@50": 0.663118,
      "mrr@50": 0.600656,
      "map@50": 0.512957,
      "precision@50": 0.246189,
      "recall@50": 0.559361
    },
    "prob then qcov": {
      "ndcg@5": 0.897134,
      "mrr@5": 0.906189,
      "map@5": 0.883263,
      "precision@5": 0.787622,
      "recall@5": 0.356554,
      "ndcg@10": 0.892215,
      "mrr@10": 0.907342,
      "map@10": 0.871644,
      "precision@10": 0.697068,
      "recall@10": 0.476006,
      "ndcg@50": 0.92323,
      "mrr@50": 0.908502,
      "map@50": 0.887428,
      "precision@50": 0.368208,
      "recall@50": 0.708929
    }
  }
}