{
  "n_queries": 307,
  "k_values": [
    5,
    10,
    50
  ],
  "metrics": {
    "ndcg@5": 0.190236,
    "mrr@5": 0.273561,
    "map@5": 0.150323,
    "precision@5": 0.135505,
    "recall@5": 0.02925,
    "ndcg@10": 0.199169,
    "mrr@10": 0.281856,
    "map@10": 0.143128,
    "precision@10": 0.111075,
    "recall@10": 0.041493,
    "ndcg@50": 0.341797,
    "mrr@50": 0.292028,
    "map@50": 0.196469,
    "precision@50": 0.080261,
    "recall@50": 0.122665
  }
}